{"mildmay|inbound":[[-0.30156,51.46306,"910GRICHMND"],[-0.28505,51.47707,"910GKEWGRDN"],[-0.27529,51.49168,"910GGNRSBRY"],[-0.27016,51.4997,"910GSACTON"],[-0.26297,51.50872,"910GACTNCTL"],[-0.24455,51.5325,"910GWLSDJHL"],[-0.24455,51.5325,"910GWLSDJHL"],[-0.21996,51.53455,"910GKENR"],[-0.21005,51.54073,"910GBRBYPK"],[-0.20231,51.54517,"910GBRBY"],[-0.19118,51.54747,"910GWHMDSTD"],[-0.18314,51.55027,"910GFNCHLYR"],[-0.1657,51.55521,"910GHMPSTDH"],[-0.15077,51.55533,"910GGOSPLOK"],[-0.14666,51.54655,"910GKNTSHTW"],[-0.1387,51.54179,"910GCMDNRD"],[-0.11673,51.54304,"910GCLDNNRB"],[-0.10376,51.54618,"910GHGHI"],[-0.09219,51.54873,"910GCNNB"],[-0.0757,51.54815,"910GDALSKLD"],[-0.05606,51.54711,"910GHACKNYC"],[-0.04236,51.54701,"910GHOMRTON"],[-0.02492,51.54341,"910GHACKNYW"],[-0.0034,51.54189,"910GSTFD"],[-0.17022,51.46419,"910GCLPHMJ1"],[-0.18282,51.47495,"910GCSEAH"],[-0.19559,51.48706,"910GWBRMPTN"],[-0.21036,51.4979,"910GKENOLYM"],[-0.21765,51.50529,"910GSHPDSB"],[-0.24455,51.5325,"910GWLSDJHL"]],"mildmay|outbound":[[-0.0034,51.54189,"910GSTFD"],[-0.02492,51.54341,"910GHACKNYW"],[-0.04236,51.54701,"910GHOMRTON"],[-0.05606,51.54711,"910GHACKNYC"],[-0.0757,51.54815,"910GDALSKLD"],[-0.09219,51.54873,"910GCNNB"],[-0.10376,51.54618,"910GHGHI"],[-0.11673,51.54304,"910GCLDNNRB"],[-0.1387,51.54179,"910GCMDNRD"],[-0.14666,51.54655,"910GKNTSHTW"],[-0.15077,51.55533,"910GGOSPLOK"],[-0.1657,51.55521,"910GHMPSTDH"],[-0.18314,51.55027,"910GFNCHLYR"],[-0.19118,51.54747,"910GWHMDSTD"],[-0.20231,51.54517,"910GBRBY"],[-0.21005,51.54073,"910GBRBYPK"],[-0.21996,51.53455,"910GKENR"],[-0.24455,51.5325,"910GWLSDJHL"],[-0.24455,51.5325,"910GWLSDJHL"],[-0.26297,51.50872,"910GACTNCTL"],[-0.27016,51.4997,"910GSACTON"],[-0.27529,51.49168,"910GGNRSBRY"],[-0.28505,51.47707,"910GKEWGRDN"],[-0.30156,51.46306,"910GRICHMND"],[-0.24455,51.5325,"910GWLSDJHL"],[-0.21765,51.50529,"910GSHPDSB"],[-0.21036,51.4979,"910GKENOLYM"],[-0.19559,51.48706,"910GWBRMPTN"],[-0.18282,51.47495,"910GCSEAH"],[-0.17029,51.46419,"910GCLPHMJC"]],"piccadilly|inbound":[[-0.14917,51.65152,"940GZZLUCKS"],[-0.13218,51.64773,"940GZZLUOAK"],[-0.12782,51.63231,"940GZZLUSGT"],[-0.13306,51.61645,"940GZZLUASG"],[-0.12423,51.60703,"940GZZLUBDS"],[-0.10989,51.59748,"940GZZLUWOG"],[-0.10295,51.59027,"940GZZLUTPN"],[-0.09612,51.57074,"940GZZLUMRH"],[-0.10683,51.56416,"940GZZLUFPK"],[-0.10746,51.55866,"940GZZLUASL"],[-0.11324,51.5527,"940GZZLUHWY"],[-0.11849,51.54852,"940GZZLUCAR"],[-0.12319,51.53066,"940GZZLUKSX"],[-0.12429,51.52307,"940GZZLURSQ"],[-0.12047,51.51758,"940GZZLUHBN"],[-0.12444,51.51309,"940GZZLUCGN"],[-0.12843,51.51139,"940GZZLULSQ"],[-0.1338,51.51005,"940GZZLUPCC"],[-0.14279,51.50695,"940GZZLUGPK"],[-0.15244,51.50303,"940GZZLUHPC"],[-0.16051,51.50167,"940GZZLUKNB"],[-0.17414,51.49409,"940GZZLUSKS"],[-0.18266,51.49432,"940GZZLUGTR"],[-0.19338,51.49206,"940GZZLUECT"],[-0.21343,51.49031,"940GZZLUBSC"],[-0.22362,51.4923,"940GZZLUHSD"],[-0.25455,51.49515,"940GZZLUTNG"],[-0.28046,51.50306,"940GZZLUACT"],[-0.28046,51.50306,"940GZZLUACT"],[-0.28826,51.51014,"940GZZLUECM"],[-0.28887,51.5175,"940GZZLUNEN"],[-0.28434,51.52712,"940GZZLUPKR"],[-0.29961,51.54063,"940GZZLUALP"],[-0.31574,51.55082,"940GZZLUSUT"],[-0.33643,51.55695,"940GZZLUSUH"],[-0.35249,51.56489,"940GZZLUSHH"],[-0.37113,51.57515,"940GZZLURYL"],[-0.39737,51.57651,"940GZZLUEAE"],[-0.41297,51.5732,"940GZZLURSM"],[-0.4219,51.57135,"940GZZLURSP"],[-0.442,51.56199,"940GZZLUICK"],[-0.44983,51.55371,"940GZZLUHGD"],[-0.47795,51.54657,"940GZZLUUXB"],[-0.28046,51.50306,"940GZZLUACT"],[-0.30742,51.501,"940GZZLUSEA"],[-0.31472,51.49932,"940GZZLUNFD"],[-0.32494,51.49564,"940GZZLUBOS"],[-0.35222,51.48127,"940GZZLUOSY"],[-0.35647,51.47321,"940GZZLUHWE"],[-0.36658,51.47129,"940GZZLUHWC"],[-0.38654,51.47347,"940GZZLUHWT"],[-0.42319,51.46675,"940GZZLUHNX"],[-0.42319,51.46675,"940GZZLUHNX"],[-0.45226,51.47124,"940GZZLUHRC"],[-0.49056,51.47005,"940GZZLUHR5"],[-0.42319,51.46675,"940GZZLUHNX"],[-0.44577,51.45852,"940GZZLUHR4"]],"piccadilly|outbound":[[-0.47795,51.54657,"940GZZLUUXB"],[-0.44983,51.55371,"940GZZLUHGD"],[-0.442,51.56199,"940GZZLUICK"],[-0.4219,51.57135,"940GZZLURSP"],[-0.41297,51.5732,"940GZZLURSM"],[-0.39737,51.57651,"940GZZLUEAE"],[-0.37113,51.57515,"940GZZLURYL"],[-0.35249,51.56489,"940GZZLUSHH"],[-0.33643,51.55695,"940GZZLUSUH"],[-0.31574,51.55082,"940GZZLUSUT"],[-0.29961,51.54063,"940GZZLUALP"],[-0.28434,51.52712,"940GZZLUPKR"],[-0.28887,51.5175,"940GZZLUNEN"],[-0.28826,51.51014,"940GZZLUECM"],[-0.28046,51.50306,"940GZZLUACT"],[-0.28046,51.50306,"940GZZLUACT"],[-0.25455,51.49515,"940GZZLUTNG"],[-0.22362,51.4923,"940GZZLUHSD"],[-0.21343,51.49031,"940GZZLUBSC"],[-0.19338,51.49206,"940GZZLUECT"],[-0.18266,51.49432,"940GZZLUGTR"],[-0.17414,51.49409,"940GZZLUSKS"],[-0.16051,51.50167,"940GZZLUKNB"],[-0.15244,51.50303,"940GZZLUHPC"],[-0.14279,51.50695,"940GZZLUGPK"],[-0.1338,51.51005,"940GZZLUPCC"],[-0.12843,51.51139,"940GZZLULSQ"],[-0.12444,51.51309,"940GZZLUCGN"],[-0.12047,51.51758,"940GZZLUHBN"],[-0.12429,51.52307,"940GZZLURSQ"],[-0.12319,51.53066,"940GZZLUKSX"],[-0.11849,51.54852,"940GZZLUCAR"],[-0.11324,51.5527,"940GZZLUHWY"],[-0.10746,51.55866,"940GZZLUASL"],[-0.10683,51.56416,"940GZZLUFPK"],[-0.09612,51.57074,"940GZZLUMRH"],[-0.10295,51.59027,"940GZZLUTPN"],[-0.10989,51.59748,"940GZZLUWOG"],[-0.12423,51.60703,"940GZZLUBDS"],[-0.13306,51.61645,"940GZZLUASG"],[-0.12782,51.63231,"940GZZLUSGT"],[-0.13218,51.64773,"940GZZLUOAK"],[-0.14917,51.65152,"940GZZLUCKS"],[-0.44577,51.45852,"940GZZLUHR4"],[-0.45226,51.47124,"940GZZLUHRC"],[-0.45226,51.47124,"940GZZLUHRC"],[-0.42319,51.46675,"940GZZLUHNX"],[-0.38654,51.47347,"940GZZLUHWT"],[-0.36658,51.47129,"940GZZLUHWC"],[-0.35647,51.47321,"940GZZLUHWE"],[-0.35222,51.48127,"940GZZLUOSY"],[-0.32494,51.49564,"940GZZLUBOS"],[-0.31472,51.49932,"940GZZLUNFD"],[-0.30742,51.501,"940GZZLUSEA"],[-0.28046,51.50306,"940GZZLUACT"],[-0.49056,51.47005,"940GZZLUHR5"],[-0.45226,51.47124,"940GZZLUHRC"]],"suffragette|inbound":[[0.11596,51.51953,"910GBARKRIV"],[0.0809,51.5395,"910GBARKING"],[0.04442,51.54926,"910GWDGRNPK"],[0.02621,51.55169,"910GWNSTDPK"],[0.00842,51.56355,"910GLYTNSHR"],[-0.00805,51.56972,"910GLEYTNMR"],[-0.02385,51.5815,"910GWLTHQRD"],[-0.04124,51.5866,"910GBLCHSRD"],[-0.0721,51.58037,"910GSTOTNHM"],[-0.09814,51.57718,"910GHRGYGL"],[-0.11715,51.5713,"910GCROUCHH"],[-0.12951,51.56363,"910GUPRHLWY"],[-0.15077,51.55533,"910GGOSPLOK"]],"suffragette|outbound":[[-0.15077,51.55533,"910GGOSPLOK"],[-0.12951,51.56363,"910GUPRHLWY"],[-0.11715,51.5713,"910GCROUCHH"],[-0.09814,51.57718,"910GHRGYGL"],[-0.0721,51.58037,"910GSTOTNHM"],[-0.04124,51.5866,"910GBLCHSRD"],[-0.02385,51.5815,"910GWLTHQRD"],[-0.00805,51.56972,"910GLEYTNMR"],[0.00842,51.56355,"910GLYTNSHR"],[0.02621,51.55169,"910GWNSTDPK"],[0.04442,51.54926,"910GWDGRNPK"],[0.0809,51.5395,"910GBARKING"],[0.11596,51.51953,"910GBARKRIV"]],"victoria|inbound":[[-0.01988,51.58297,"940GZZLUWWL"],[-0.04115,51.58692,"940GZZLUBLR"],[-0.06024,51.58811,"940GZZLUTMH"],[-0.07258,51.58333,"940GZZLUSVS"],[-0.10683,51.56416,"940GZZLUFPK"],[-0.10332,51.54635,"940GZZLUHAI"],[-0.12319,51.53066,"940GZZLUKSX"],[-0.13378,51.528,"940GZZLUEUS"],[-0.13832,51.52495,"940GZZLUWRR"],[-0.1419,51.51522,"940GZZLUOXC"],[-0.14279,51.50695,"940GZZLUGPK"],[-0.1431,51.49636,"940GZZLUVIC"],[-0.13376,51.4891,"940GZZLUPCO"],[-0.1242,51.48574,"940GZZLUVXL"],[-0.12264,51.47218,"940GZZLUSKW"],[-0.11489,51.46262,"940GZZLUBXN"]],"victoria|outbound":[[-0.11489,51.46262,"940GZZLUBXN"],[-0.12264,51.47218,"940GZZLUSKW"],[-0.1242,51.48574,"940GZZLUVXL"],[-0.13376,51.4891,"940GZZLUPCO"],[-0.1431,51.49636,"940GZZLUVIC"],[-0.14279,51.50695,"940GZZLUGPK"],[-0.1419,51.51522,"940GZZLUOXC"],[-0.13832,51.52495,"940GZZLUWRR"],[-0.13378,51.528,"940GZZLUEUS"],[-0.12319,51.53066,"940GZZLUKSX"],[-0.10332,51.54635,"940GZZLUHAI"],[-0.10683,51.56416,"940GZZLUFPK"],[-0.07258,51.58333,"940GZZLUSVS"],[-0.06024,51.58811,"940GZZLUTMH"],[-0.04115,51.58692,"940GZZLUBLR"],[-0.01988,51.58297,"940GZZLUWWL"]],